№;ФИО;Возраст;Группа
1;Иванов Иван;57;БО - 111111
2;Ивановский Graham;61;БО - 122212
3;Claud Hardin;55;БО - 111211
4;Verlie Holland;62;БО - 121112
5;Lewis Hayes;23;БО - 112112
6;Galina Nielsen;37;БО - 122221
7;Aundrea Trevino;37;БО - 222111
8;Noma Bowers;20;БО - 122112
9;Carry Patel;42;БО - 122222
10;Daphine Erickson;22;БО - 111121
11;Erin Marshall;29;БО - 211212
12;Quinton Hodge;26;БО - 121122
13;Katrice Hewitt;63;БО - 211221
14;Mckenzie Mcintyre;21;БО - 221222
15;Jamison Mcneil;60;БО - 222121
16;Delena Mullins;50;БО - 212121
17;Dannielle Keith;30;БО - 112112
18;Allyn Bush;63;БО - 122211
19;Carmon Price;20;БО - 212112
20;Kendall Garcia;30;БО - 121221
21;Ming Lowe;35;БО - 112222
22;Noble Chavez;27;БО - 112222
23;Genny Small;35;БО - 212111
24;Mafalda Rose;39;БО - 212112
25;Romelia Donovan;20;БО - 111122
26;Delicia Castaneda;47;БО - 211111
27;Maragaret Wright;43;БО - 211122
28;Tien Lindsay;60;БО - 112212
29;Floyd Jimenez;64;БО - 112211
30;Ellyn Reilly;45;БО - 211222
31;Lamar Pratt;23;БО - 112222
32;Teodora Riley;60;БО - 112112
33;Clayton Baldwin;24;БО - 122212
34;Stan Chan;56;БО - 212221
35;Christian O'connor;29;БО - 122122
36;Antone Rojas;35;БО - 112222
37;Mike Mcgee;35;БО - 112122
38;Chas Logan;46;БО - 122221
39;Leeanne Holland;48;БО - 121121
40;Alphonso Stevenson;26;БО - 122112
41;Magen Ortiz;37;БО - 222122
42;Dion Ortiz;24;БО - 222222
43;Rick Holt;22;БО - 212112
44;Maria Caldwell;28;БО - 211211
45;Roderick Benjamin;34;БО - 112222
46;Brett Dudley;38;БО - 212212
47;Shelton Thomas;45;БО - 222122
48;Barry Booth;63;БО - 212211
49;Desirae Bell;22;БО - 221122
50;Eldridge Lara;59;БО - 212222
51;Michale Bentley;17;БО - 111111
52;Titus Edwards;63;БО - 221111
53;Buddy Petty;56;БО - 221211
54;Elijah Guy;44;БО - 211121
55;Tameika Flowers;33;БО - 121222
56;Dorian Briggs;46;БО - 111221
57;Rudy Mccarthy;47;БО - 222111
58;Josiah Long;55;БО - 222222
59;Anderson Berg;36;БО - 212222
60;Alease Russo;65;БО - 122122
61;Kiesha Pate;60;БО - 211222
62;Carmelo Robles;58;БО - 211222
63;Mauro Roberts;65;БО - 221221
64;Ellis Dudley;50;БО - 121212
65;Brock Glover;20;БО - 212111
66;Lynetta Howell;35;БО - 222111
67;Arlen Daugherty;44;БО - 221212
68;Crissy Cantrell;43;БО - 212121
69;Robt Zimmerman;41;БО - 221121
70;Raymon Lucas;64;БО - 221121
71;Zane Barker;22;БО - 221121
72;Whitney Jenkins;19;БО - 112211
73;Carmina Wynn;28;БО - 112112
74;Maybell Rhodes;54;БО - 122212
75;Glynis Foster;34;БО - 212112
76;Royce Henry;23;БО - 212211
77;Erick Matthews;40;БО - 222211
78;Perry Velasquez;35;БО - 121212
79;Kimi Hill;48;БО - 221121
80;Winston Roth;57;БО - 212211
81;Oswaldo Velasquez;43;БО - 121121
82;Victorina White;65;БО - 122212
83;Erin Grant;56;БО - 111222
84;Jeremy Ortega;64;БО - 122121
85;Xuan Bauer;16;БО - 212111
86;Obdulia Nolan;55;БО - 212112
87;Lincoln Mcbride;22;БО - 211212
88;Delinda Herring;57;БО - 122212
89;Preston Whitehead;63;БО - 112211
90;Randee Rasmussen;28;БО - 121112
91;Lillia Spencer;66;БО - 211221
92;Lachelle Salazar;35;БО - 112121
93;Lance Rosario;34;БО - 221121
94;Skye Rush;35;БО - 122121
95;Michel Vargas;32;БО - 112211
96;Alphonso Hurst;57;БО - 122111
97;Nevada Rasmussen;20;БО - 222122
98;Ward Fuentes;16;БО - 221122
99;Herma Knapp;58;БО - 222111
100;Bobby Elliott;55;БО - 221112
101;Eugene Dalton;50;БО - 111112
102;Wilton Patrick;63;БО - 121211
103;Refugio Nguyen;20;БО - 221111
104;Norman Murphy;21;БО - 212112
105;Marisha Velasquez;45;БО - 121122
106;Ruben Marshall;62;БО - 122211
107;Kendal Waller;17;БО - 122122
108;Jaleesa Ryan;30;БО - 111221
109;Timothy Conley;52;БО - 111222
110;Gil Rasmussen;17;БО - 112112
111;Ardelle Mcintosh;47;БО - 112111
112;Dimple Ewing;37;БО - 212211
113;Manda Watts;43;БО - 121222
114;Carmelina Greene;38;БО - 222111
115;Mariano Rocha;65;БО - 122122
116;Sonny Duffy;18;БО - 221221
117;Madelaine Larson;23;БО - 111121
118;Rosann Bridges;33;БО - 211222
119;Wayne Nash;38;БО - 222211
120;Tambra Wells;33;БО - 122212
121;Theresia Stone;44;БО - 112212
122;Omer Chen;27;БО - 111122
123;Clifford Colon;19;БО - 111121
124;Carlena Walker;21;БО - 211221
125;Harold Elliott;28;БО - 212111
126;Edgar Blankenship;30;БО - 112112
127;Tod Mosley;49;БО - 112221
128;Mozella Morton;66;БО - 212122
129;Jaimee Petersen;40;БО - 121112
130;Jarvis Roth;50;БО - 211121
131;Dale Wong;49;БО - 122112
132;Theressa Noel;20;БО - 221211
133;Cyril Baird;48;БО - 122222
134;My Gonzales;52;БО - 211122
135;Sergio Everett;60;БО - 112112
136;Perry Bernard;35;БО - 212121
137;Dee Rosario;52;БО - 112121
138;Joan Russell;51;БО - 211221
139;Charles Anthony;62;БО - 121222
140;Magdalen Fields;64;БО - 111121
141;Hal Emerson;61;БО - 221221
142;Elane Ramsey;62;БО - 222212
143;Dillon Gallegos;64;БО - 211111
144;Percy Randall;45;БО - 221221
145;Wilbur Guy;26;БО - 112122
146;Verlene Brady;16;БО - 211122
147;Scott Shepard;28;БО - 222122
148;Latesha Woodward;21;БО - 122221
149;Jaleesa Hobbs;24;БО - 211121
150;Kasie Merrill;51;БО - 221211
151;Lannie Lambert;59;БО - 111221
152;Odis Gomez;57;БО - 121222
153;Anibal Ortega;31;БО - 222211
154;Pete Stokes;60;БО - 121222
155;Perry Cook;35;БО - 112112
156;Idell Macias;49;БО - 211221
157;Shay Bowman;30;БО - 122111
158;Aide Vazquez;56;БО - 212111
159;Deshawn Gaines;22;БО - 122122
160;Skye Moses;30;БО - 112212
161;Xochitl Crane;63;БО - 222111
162;Victor Kent;65;БО - 222211
163;Sid Sykes;34;БО - 222211
164;Les Herring;30;БО - 121222
165;Asa Burt;60;БО - 112111
166;Ronnie Kidd;65;БО - 212212
167;Sergio Norton;59;БО - 112122
168;Rigoberto Beach;62;БО - 211111
169;Bertram Holt;55;БО - 111211
170;Johana Cooper;50;БО - 112221
171;Tomoko Mcguire;56;БО - 112221
172;Domingo Rich;45;БО - 122112
173;Miguel Cook;56;БО - 122121
174;Clemente Suarez;48;БО - 221212
175;Shaunda Bradshaw;24;БО - 122122
176;Otis Armstrong;63;БО - 211121
177;Brandon Berger;25;БО - 122122
178;Samual Martinez;66;БО - 222211
179;Barbera Salas;36;БО - 221111
180;Minta Jordan;37;БО - 122222
181;Riley Barber;63;БО - 221121
182;Porsche Molina;42;БО - 211121
183;Dion Bell;33;БО - 211111
184;Lonny Stevens;16;БО - 221222
185;Maria Scott;41;БО - 112221
186;Jalisa Mcfarland;40;БО - 212211
187;Karlyn Landry;34;БО - 211112
188;Noble Whitaker;38;БО - 211122
189;Lindsy O'neal;59;БО - 212111
190;Marylyn Joyce;38;БО - 111122
191;Ardelia Lynch;32;БО - 122211
192;Forrest Blevins;42;БО - 212121
193;Mathilde Clay;33;БО - 211221
194;Joselyn Crosby;38;БО - 211221
195;Ian Fields;32;БО - 111221
196;Thalia Arnold;41;БО - 112111
197;Basil Mcbride;22;БО - 222211
198;Maybell Marsh;36;БО - 112222
199;Loria Barber;57;БО - 211112
200;Fernande Sanchez;33;БО - 112211
201;Patrick Mosley;46;БО - 221212
202;Sheryll Blackburn;18;БО - 221112
203;Darin Stokes;41;БО - 211122
204;Jan Donaldson;47;БО - 112222
205;Eduardo Ratliff;62;БО - 112222
206;Edward Potter;45;БО - 212222
207;Malcom Russo;57;БО - 212121
208;Malcolm Wallace;33;БО - 121111
209;Reynaldo Case;43;БО - 122112
210;Cordell Wells;29;БО - 121111
211;Alvera Nixon;36;БО - 122121
212;Arla Benjamin;53;БО - 122212
213;Morton Simpson;36;БО - 121212
214;Carroll Burris;26;БО - 121212
215;Major Carr;57;БО - 122121
216;Von Maxwell;41;БО - 111111
217;Marceline Romero;28;БО - 122121
218;Winfred Poole;33;БО - 211221
219;Elfrieda Pittman;24;БО - 221112
220;Leo Walker;44;БО - 122122
221;Georgetta Phelps;27;БО - 222222
222;Chara Hatfield;39;БО - 221211
223;Eusebio Blair;64;БО - 211112
224;Anisa Mack;59;БО - 221221
225;Louie Cruz;50;БО - 121112
226;Clotilde Mccall;58;БО - 111212
227;Ernie Suarez;42;БО - 211211
228;Emilee Malone;26;БО - 222122
229;Raymon Forbes;43;БО - 121222
230;Raymundo Burch;64;БО - 222112
231;Royal Graves;42;БО - 212212
232;Vivan Yates;47;БО - 221121
233;Criselda Sellers;41;БО - 122112
234;Yoshie Ross;38;БО - 211212
235;Ellsworth Miller;52;БО - 221211
236;Madlyn Monroe;33;БО - 112112
237;Armandina Wilkinson;22;БО - 222221
238;Refugio Fisher;58;БО - 112122
239;Katharina Dorsey;32;БО - 222122
240;Yoshie Sargent;63;БО - 112121
241;Tim Ashley;20;БО - 111111
242;Lacy Strong;29;БО - 211122
243;Jolyn Marks;22;БО - 122111
244;Fernando Roth;66;БО - 111122
245;Anjelica Fuller;18;БО - 111211
246;Ricki Kirk;36;БО - 211112
247;Mauricio Wilcox;30;БО - 222122
248;Randell Flores;57;БО - 211211
249;Jeff Kidd;65;БО - 222222
250;Lourie Sawyer;62;БО - 212121
251;Levi Tyson;16;БО - 211221
252;Camila Bush;48;БО - 221212
253;Shaunta Gregory;39;БО - 122122
254;Robin Vargas;40;БО - 211112
255;Sheilah Shelton;28;БО - 221221
256;Frederica Tyler;20;БО - 121212
257;Eddie Vega;64;БО - 211112
258;Ramiro Booker;19;БО - 121222
259;Reiko Scott;51;БО - 121221
260;Lashunda Travis;36;БО - 211112
261;Casie Boyer;19;БО - 222112
262;Nicholas Bartlett;52;БО - 212212
263;Lakenya Spence;60;БО - 222211
264;Cliff Pollard;64;БО - 221122
265;Carry Munoz;43;БО - 111122
266;Gordon Sandoval;40;БО - 121211
267;Marcelene Burton;17;БО - 211221
268;Kirby Brooks;20;БО - 222121
269;Jonah Dominguez;59;БО - 111212
270;Meggan Wells;19;БО - 112211
271;Gilberto Abbott;61;БО - 111221
272;Drew Calderon;63;БО - 212212
273;Luetta Roy;20;БО - 112222
274;Mafalda Solomon;51;БО - 211111
275;Yen Cantrell;49;БО - 112212
276;Nakisha Pratt;35;БО - 122112
277;Obdulia Summers;38;БО - 211222
278;Eugene Browning;22;БО - 222122
279;Andrew Levine;22;БО - 212211
280;Isaac Myers;66;БО - 112221
281;Arden Dickson;35;БО - 112111
282;Antone Haley;18;БО - 212212
283;Warren Gallegos;45;БО - 221222
284;Alayna James;58;БО - 212111
285;Ollie Nichols;45;БО - 212112
286;Kermit Mayer;38;БО - 212122
287;Eldon King;39;БО - 222122
288;Felicidad Graham;19;БО - 221112
289;Suanne Rutledge;37;БО - 121111
290;Darin Vang;32;БО - 122212
291;Marth Petersen;18;БО - 122112
292;Marvella Buckley;41;БО - 221112
293;Jessi Evans;44;БО - 211112
294;Evelyne Browning;35;БО - 121122
295;Marco Cunningham;35;БО - 211121
296;Charis Mcdowell;36;БО - 122211
297;Shira Daniels;36;БО - 221121
298;Dalene Livingston;20;БО - 221212
299;Jared Snider;57;БО - 212221
300;Mariel Ryan;59;БО - 212122
301;Nobuko Pierce;59;БО - 211111
302;Damon Bridges;46;БО - 112111
303;Johnny Long;63;БО - 122211
304;Frederica Reyes;66;БО - 211111
305;Melynda Saunders;65;БО - 112121
306;Idell Pratt;16;БО - 222111
307;Burl Anderson;23;БО - 222122
308;Brian Dean;56;БО - 212112
309;Steven Cleveland;33;БО - 221111
310;Barbera Cervantes;60;БО - 221121
311;Jewel Santiago;27;БО - 121221
312;Cliff James;53;БО - 111112
313;Zetta Townsend;41;БО - 111221
314;Damien Cherry;52;БО - 221212
315;Donn Pratt;52;БО - 112222
316;Gaylene Meyers;43;БО - 221111
317;Jess Coleman;44;БО - 222221
318;Teodoro Cotton;39;БО - 121121
319;Arnold Sloan;66;БО - 212122
320;Ben Baldwin;63;БО - 222221
321;Milo Banks;59;БО - 122212
322;Yun Herrera;19;БО - 221211
323;Efren Harvey;16;БО - 122111
324;Jonathon Giles;17;БО - 121211
325;Lyndon Ochoa;45;БО - 211112
326;Loida Crawford;32;БО - 112212
327;Rico Byers;56;БО - 211221
328;Birgit Sosa;52;БО - 112221
329;Loree Schmidt;45;БО - 111112
330;Carter Conrad;17;БО - 221122
331;Alexis Pickett;61;БО - 221112
332;Miesha Gross;28;БО - 221212
333;Buck Franklin;39;БО - 222221
334;Harris Lawson;33;БО - 122221
335;Branden William;64;БО - 122212
336;Julene Mann;45;БО - 111111
337;Maris Stone;37;БО - 122222
338;Gema Acosta;59;БО - 221222
339;Garfield Watson;63;БО - 121221
340;Ta Mcgowan;61;БО - 121212
341;Travis Ortiz;66;БО - 212222
342;Cary Baldwin;29;БО - 222112
343;Danial Stark;45;БО - 211222
344;Kemberly Colon;63;БО - 112222
345;Lenny Chase;48;БО - 222112
346;Arlen Griffin;62;БО - 111122
347;Dominick Davis;61;БО - 111111
348;Sherley Gallagher;36;БО - 221112
349;Arletta Blevins;41;БО - 222212
350;Jestine Jacobs;31;БО - 222122
351;Shawanna Caldwell;20;БО - 222211
352;Joan Mcdaniel;40;БО - 111212
353;Dayle Aguilar;22;БО - 211121
354;Adolph Baird;38;БО - 211121
355;Chance Fischer;47;БО - 121221
356;Jerold Malone;56;БО - 212112
357;Gary Palmer;54;БО - 122121
358;Derek Rutledge;16;БО - 222221
359;Stewart Santana;58;БО - 211122
360;Odell Head;25;БО - 121112
361;Audrie Buckner;41;БО - 222212
362;Bert Lloyd;63;БО - 111111
363;Rosann Pace;24;БО - 211112
364;Shenna Williams;27;БО - 212122
365;Emmitt Brady;20;БО - 111211
366;Felisa Ford;62;БО - 121112
367;Johanne Reilly;25;БО - 212222
368;Garth Ashley;50;БО - 221112
369;Eddy Grimes;50;БО - 121111
370;Willian Dejesus;40;БО - 212212
371;Darwin Harvey;48;БО - 111121
372;Lashell Manning;29;БО - 121221
373;Cindie Webster;64;БО - 122221
374;Salvatore Savage;28;БО - 111111
375;Neely Ortiz;62;БО - 111222
376;Chante Schroeder;51;БО - 122221
377;Art Salas;33;БО - 221221
378;Douglass Strickland;20;БО - 222112
379;Cristie Ramos;46;БО - 221112
380;Lacy Juarez;40;БО - 122111
381;Barbie Stevenson;31;БО - 122222
382;Noah Kemp;65;БО - 221222
383;Alonso Kane;19;БО - 212121
384;Alexander Shaw;21;БО - 211212
385;Tish Bowman;31;БО - 111122
386;Luna Finch;52;БО - 211222
387;Erin Powers;58;БО - 221122
388;Cary Ellis;55;БО - 221222
389;Charley Conrad;51;БО - 111211
390;Sabine Hart;51;БО - 211122
391;Heriberto Richardson;47;БО - 222212
392;Reginald Barnett;37;БО - 112222
393;Sari Tate;34;БО - 122222
394;Diego Benson;47;БО - 112111
395;Penney Hunt;27;БО - 112112
396;Elli Yang;42;БО - 111112
397;Janessa Kerr;47;БО - 111222
398;Byron Bernard;48;БО - 222121
399;Clark Morton;59;БО - 211222
400;Claude Gonzalez;36;БО - 221221
401;Chery Booth;18;БО - 121121
402;Tien Sawyer;58;БО - 122122
403;Maxwell Strong;57;БО - 212221
404;Cherilyn Meyer;26;БО - 122122
405;Marx Neal;43;БО - 222122
406;Wes Rollins;49;БО - 211222
407;Faustino Delgado;54;БО - 122221
408;Beau Christensen;50;БО - 221221
409;Jessia Pollard;44;БО - 112111
410;Toshia Stevenson;57;БО - 222111
411;Tobias Barber;49;БО - 112122
412;Hisako Pope;54;БО - 112111
413;Marni Clements;38;БО - 221122
414;Rosann Underwood;62;БО - 121211
415;Raymundo Castaneda;59;БО - 221222
416;Jeffery Patton;63;БО - 122122
417;Cleveland Acevedo;24;БО - 122112
418;Yaeko Henderson;60;БО - 221111
419;Donnell Brewer;42;БО - 111221
420;Skye Sweeney;17;БО - 221122
421;Randolph Haney;62;БО - 212221
422;Herbert Mosley;51;БО - 111211
423;Alline Curry;53;БО - 121212
424;Caleb James;19;БО - 222121
425;Kimbra Willis;65;БО - 122222
426;Omer Fry;66;БО - 222121
427;Randal Norton;20;БО - 212112
428;Willetta Murray;17;БО - 112121
429;Lynn Massey;63;БО - 211122
430;Devon Stanton;40;БО - 211121
431;Lizeth Alexander;24;БО - 121122
432;Tuan Alexander;47;БО - 111111
433;Louis Tyson;66;БО - 221211
434;Yen Glenn;62;БО - 121122
435;Rozanne Ward;30;БО - 112212
436;Marcos Mccall;41;БО - 112212
437;Larry Estrada;43;БО - 222222
438;Blake Wolfe;45;БО - 121212
439;Shirl Lucas;55;БО - 221211
440;Emerson Santiago;58;БО - 222121
441;Enoch Michael;47;БО - 111211
442;Harlan Stone;46;БО - 112111
443;Dinorah Colon;65;БО - 111221
444;Sammie Logan;31;БО - 122111
445;Petronila Graham;23;БО - 112122
446;Florencio Boyd;39;БО - 111211
447;Andree Carrillo;35;БО - 212212
448;Shirely Black;52;БО - 222122
449;Earle Dale;18;БО - 222221
450;Julius Morton;42;БО - 222211
451;Johnathon Gibson;57;БО - 121222
452;Leopoldo Espinoza;23;БО - 111211
453;Gia Herman;42;БО - 111211
454;Cliff Fernandez;45;БО - 121112
455;Hershel Gross;32;БО - 221211
456;Remedios Jenkins;36;БО - 122112
457;Bong Swanson;23;БО - 111122
458;Tamala Fitzgerald;45;БО - 111211
459;Long Powers;24;БО - 122211
460;Rigoberto Dalton;30;БО - 221122
461;Ted Puckett;57;БО - 122212
462;Willia Morales;26;БО - 121212
463;Nigel Craft;46;БО - 221112
464;Dorian Cruz;35;БО - 211111
465;Laurence Graham;52;БО - 222222
466;Jacob Ramirez;59;БО - 221212
467;Herb Beck;39;БО - 221221
468;Song Pope;55;БО - 112212
469;Janett Garner;52;БО - 222112
470;Barton Perry;43;БО - 212211
471;Jeremiah Merrill;35;БО - 211111
472;Idell Evans;19;БО - 112122
473;Carlie Castaneda;42;БО - 112211
474;Andre Mcknight;41;БО - 112122
475;Erin Landry;56;БО - 122121
476;Randal Knox;37;БО - 122111
477;Michale Greene;23;БО - 112122
478;Temeka Allison;50;БО - 211211
479;Dante Rutledge;32;БО - 111112
480;Kaycee Osborn;29;БО - 222212
481;Sheryll Parrish;58;БО - 121112
482;Lavonna Holman;63;БО - 111112
483;Clayton Goff;21;БО - 111112
484;Marshall Cherry;60;БО - 122222
485;Carol Reed;29;БО - 111122
486;Delcie Melendez;54;БО - 121122
487;Hiram Hood;18;БО - 211111
488;Annis Barton;37;БО - 121222
489;Ronald Tillman;32;БО - 221212
490;Reynalda Davenport;34;БО - 122211
491;Adan Petty;57;БО - 211211
492;Kimberli Walker;52;БО - 212112
493;Elliot Waters;32;БО - 122212
494;Tiny Hoffman;30;БО - 221112
495;Salena Rice;53;БО - 211221
496;Fatimah O'connor;18;БО - 111122
497;Laurena Weiss;33;БО - 112212
498;Victor Shepherd;58;БО - 222211
499;Ha Avery;16;БО - 211211
